[
          {
                    "Name": "Almansouri 3b l.l.c.",
                    "Data": [
                              {
                                        "name": "3 Commercial Envelope",
                                        "price": " 171,898,656.40 "
                              },
                              {
                                        "name": "3.1 Notes",
                                        "price": " -   "
                              },
                              {
                                        "name": "3.2 Bill No. 01: PRELIMINARIES / GENERAL REQUIREMENTS",
                                        "price": " 11,923,029.00 "
                              },
                              {
                                        "name": "3.3 SECTION B - SITE WORK",
                                        "price": " 1,267,000.00 "
                              },
                              {
                                        "name": "3.4 SECTION C - CONCRETE WORK",
                                        "price": " 26,141,248.00 "
                              },
                              {
                                        "name": "3.5 SECTION D - MASONRY WORK",
                                        "price": " 2,882,420.00 "
                              },
                              {
                                        "name": "3.6 SECTION E - METAL WORK",
                                        "price": " 2,695,456.00 "
                              },
                              {
                                        "name": "3.7 SECTION F - WOOD WORK",
                                        "price": " 121,510.00 "
                              },
                              {
                                        "name": "3.8 SECTION G - THERMAL AND MOISTURE PROTECTION",
                                        "price": " 924,373.00 "
                              },
                              {
                                        "name": "3.9 SECTION H - DOORS AND WINDOWS",
                                        "price": " 3,284,156.00 "
                              },
                              {
                                        "name": "3.10 SECTION J - FINISHES",
                                        "price": " 20,266,985.00 "
                              },
                              {
                                        "name": "3.11 SECTION K - ACCESSORIES",
                                        "price": " 2,175,095.00 "
                              },
                              {
                                        "name": "3.12 SECTION L- EQUIPMENT",
                                        "price": " 539,517.00 "
                              },
                              {
                                        "name": "3.13 SECTION Q1 - FIRE FIGHTING SYSTEM",
                                        "price": " 3,152,220.00 "
                              },
                              {
                                        "name": "3.14 SECTION Q2 - DRAINAGE SYSTEM",
                                        "price": " 632,344.00 "
                              },
                              {
                                        "name": "3.15 SECTION Q3 - POTABLE WATER SUPPLY SYSTEM",
                                        "price": " 3,619,580.00 "
                              },
                              {
                                        "name": "3.16 SECTION Q4 - AIR CONDITIONING AND VENTILATION SYSTEM",
                                        "price": " 17,738,445.00 "
                              },
                              {
                                        "name": "3.17 SECTION Q5 - BUILDING MANAGEMENT SYSTEM",
                                        "price": " 1,241,171.00 "
                              },
                              {
                                        "name": "3.18 SECTION R1 - ELECTRICAL INSTALLATION",
                                        "price": " 6,540,944.00 "
                              },
                              {
                                        "name": "3.19 SECTION R2 - LIGHTING SYSTEM",
                                        "price": " 2,656,422.00 "
                              },
                              {
                                        "name": "3.20 SECTION R3 - POWER SYSTEM",
                                        "price": " 1,231,556.00 "
                              },
                              {
                                        "name": "3.21 SECTION R4 - LIGHTING CONTROL SYSTEM",
                                        "price": " 2,027,803.00 "
                              },
                              {
                                        "name": "3.22 SECTION R5 - CENTRAL BATTERY SYSTEM",
                                        "price": " 1,650,565.00 "
                              },
                              {
                                        "name": "3.23 SECTION R6 - EARTHING SYSTEM",
                                        "price": " 489,268.00 "
                              },
                              {
                                        "name": "3.24 SECTION R7 - TELECOMMUNICATION INSTALLATION",
                                        "price": " 911,206.00 "
                              },
                              {
                                        "name": "3.25 SECTION R8 - SOUND SYSTEM",
                                        "price": " 2,144,619.00 "
                              },
                              {
                                        "name": "3.26 SECTION R9 - CCTV SYSTEM",
                                        "price": " 2,171,208.00 "
                              },
                              {
                                        "name": "3.27 SECTION R10 - FIRE ALARM SYSTEM",
                                        "price": " 629,648.00 "
                              },
                              {
                                        "name": "3.28 SECTION R11 - ACCESS CONTROL SYSTEM",
                                        "price": " 604,434.00 "
                              },
                              {
                                        "name": "3.29 BILL NO. 03 - EXTERNAL WORKS AND SERVICES",
                                        "price": " 12,009,920.00 "
                              },
                              {
                                        "name": "3.30 BILL NO. 04 - FIXED FF & E",
                                        "price": " 8,965,908.00 "
                              },
                              {
                                        "name": "3.31 BILL NO. 05 - PROVISIONAL SUMS",
                                        "price": " 30,572,500.00 "
                              },
                              {
                                        "name": "3.32 MUSANADA IT REQUIREMENTS",
                                        "price": " 688,106.40 "
                              }
                    ]
          },
          {
                    "Name": "Al Mezin General Contracting",
                    "Data": [
                              {
                                        "name": "3 Commercial Envelope",
                                        "price": "196764000"
                              },
                              {
                                        "name": "3.1 Notes",
                                        "price": "0"
                              },
                              {
                                        "name": "3.2 Bill No. 01: PRELIMINARIES / GENERAL REQUIREMENTS",
                                        "price": "12999403.12"
                              },
                              {
                                        "name": "3.3 SECTION B - SITE WORK",
                                        "price": "2284000"
                              },
                              {
                                        "name": "3.4 SECTION C - CONCRETE WORK",
                                        "price": "33245330"
                              },
                              {
                                        "name": "3.5 SECTION D - MASONRY WORK",
                                        "price": "5973085"
                              },
                              {
                                        "name": "3.6 SECTION E - METAL WORK",
                                        "price": "3191500"
                              },
                              {
                                        "name": "3.7 SECTION F - WOOD WORK",
                                        "price": "122100"
                              },
                              {
                                        "name": "3.8 SECTION G - THERMAL AND MOISTURE PROTECTION",
                                        "price": "4546050"
                              },
                              {
                                        "name": "3.9 SECTION H - DOORS AND WINDOWS",
                                        "price": "6838539"
                              },
                              {
                                        "name": "3.10 SECTION J - FINISHES",
                                        "price": "18673426"
                              },
                              {
                                        "name": "3.11 SECTION K - ACCESSORIES",
                                        "price": "1832450"
                              },
                              {
                                        "name": "3.12 SECTION L- EQUIPMENT",
                                        "price": "800000"
                              },
                              {
                                        "name": "3.13 SECTION Q1 - FIRE FIGHTING SYSTEM",
                                        "price": "4369200"
                              },
                              {
                                        "name": "3.14 SECTION Q2 - DRAINAGE SYSTEM",
                                        "price": "2576240"
                              },
                              {
                                        "name": "3.15 SECTION Q3 - POTABLE WATER SUPPLY SYSTEM",
                                        "price": "500000"
                              },
                              {
                                        "name": "3.16 SECTION Q4 - AIR CONDITIONING AND VENTILATION SYSTEM",
                                        "price": "14950000"
                              },
                              {
                                        "name": "3.17 SECTION Q5 - BUILDING MANAGEMENT SYSTEM",
                                        "price": "2500000"
                              },
                              {
                                        "name": "3.18 SECTION R1 - ELECTRICAL INSTALLATION",
                                        "price": "18084006"
                              },
                              {
                                        "name": "3.19 SECTION R2 - LIGHTING SYSTEM",
                                        "price": "0"
                              },
                              {
                                        "name": "3.20 SECTION R3 - POWER SYSTEM",
                                        "price": "0"
                              },
                              {
                                        "name": "3.21 SECTION R4 - LIGHTING CONTROL SYSTEM",
                                        "price": "0"
                              },
                              {
                                        "name": "3.22 SECTION R5 - CENTRAL BATTERY SYSTEM",
                                        "price": "0"
                              },
                              {
                                        "name": "3.23 SECTION R6 - EARTHING SYSTEM",
                                        "price": "0"
                              },
                              {
                                        "name": "3.24 SECTION R7 - TELECOMMUNICATION INSTALLATION",
                                        "price": "0"
                              },
                              {
                                        "name": "3.25 SECTION R8 - SOUND SYSTEM",
                                        "price": "0"
                              },
                              {
                                        "name": "3.26 SECTION R9 - CCTV SYSTEM",
                                        "price": "0"
                              },
                              {
                                        "name": "3.27 SECTION R10 - FIRE ALARM SYSTEM",
                                        "price": "0"
                              },
                              {
                                        "name": "3.28 SECTION R11 - ACCESS CONTROL SYSTEM",
                                        "price": "0"
                              },
                              {
                                        "name": "3.29 BILL NO. 03 - EXTERNAL WORKS AND SERVICES",
                                        "price": "15634315"
                              },
                              {
                                        "name": "3.30 BILL NO. 04 - FIXED FF & E",
                                        "price": "12860674"
                              },
                              {
                                        "name": "3.31 BILL NO. 05 - PROVISIONAL SUMS",
                                        "price": "33875000"
                              },
                              {
                                        "name": "3.32 MUSANADA IT REQUIREMENTS",
                                        "price": "908681.88"
                              }
                    ]
          },
          {
                    "Name": "Al Geemi & Partners Contracting Co. L.L.C.",
                    "Data": [
                              {
                                        "name": "3 Commercial Envelope",
                                        "price": "202268856.2"
                              },
                              {
                                        "name": "3.1 Notes",
                                        "price": "0"
                              },
                              {
                                        "name": "3.2 Bill No. 01: PRELIMINARIES / GENERAL REQUIREMENTS",
                                        "price": "19133688"
                              },
                              {
                                        "name": "3.3 SECTION B - SITE WORK",
                                        "price": "1503426.6"
                              },
                              {
                                        "name": "3.4 SECTION C - CONCRETE WORK",
                                        "price": "29317048.32"
                              },
                              {
                                        "name": "3.5 SECTION D - MASONRY WORK",
                                        "price": "3593048.25"
                              },
                              {
                                        "name": "3.6 SECTION E - METAL WORK",
                                        "price": "3937181.44"
                              },
                              {
                                        "name": "3.7 SECTION F - WOOD WORK",
                                        "price": "352503.81"
                              },
                              {
                                        "name": "3.8 SECTION G - THERMAL AND MOISTURE PROTECTION",
                                        "price": "4957796.19"
                              },
                              {
                                        "name": "3.9 SECTION H - DOORS AND WINDOWS",
                                        "price": "5432567.62"
                              },
                              {
                                        "name": "3.10 SECTION J - FINISHES",
                                        "price": "20389034.51"
                              },
                              {
                                        "name": "3.11 SECTION K - ACCESSORIES",
                                        "price": "2998651.69"
                              },
                              {
                                        "name": "3.12 SECTION L- EQUIPMENT",
                                        "price": "731470.81"
                              },
                              {
                                        "name": "3.13 SECTION Q1 - FIRE FIGHTING SYSTEM",
                                        "price": "5258894.76"
                              },
                              {
                                        "name": "3.14 SECTION Q2 - DRAINAGE SYSTEM",
                                        "price": "1131777.86"
                              },
                              {
                                        "name": "3.15 SECTION Q3 - POTABLE WATER SUPPLY SYSTEM",
                                        "price": "5506312.69"
                              },
                              {
                                        "name": "3.16 SECTION Q4 - AIR CONDITIONING AND VENTILATION SYSTEM",
                                        "price": "20124324.75"
                              },
                              {
                                        "name": "3.17 SECTION Q5 - BUILDING MANAGEMENT SYSTEM",
                                        "price": "1812579.9"
                              },
                              {
                                        "name": "3.18 SECTION R1 - ELECTRICAL INSTALLATION",
                                        "price": "5522662.24"
                              },
                              {
                                        "name": "3.19 SECTION R2 - LIGHTING SYSTEM",
                                        "price": "2003132.63"
                              },
                              {
                                        "name": "3.20 SECTION R3 - POWER SYSTEM",
                                        "price": "866521.61"
                              },
                              {
                                        "name": "3.21 SECTION R4 - LIGHTING CONTROL SYSTEM",
                                        "price": "931290.18"
                              },
                              {
                                        "name": "3.22 SECTION R5 - CENTRAL BATTERY SYSTEM",
                                        "price": "1156489.99"
                              },
                              {
                                        "name": "3.23 SECTION R6 - EARTHING SYSTEM",
                                        "price": "345128.01"
                              },
                              {
                                        "name": "3.24 SECTION R7 - TELECOMMUNICATION INSTALLATION",
                                        "price": "727735.53"
                              },
                              {
                                        "name": "3.25 SECTION R8 - SOUND SYSTEM",
                                        "price": "1990154.95"
                              },
                              {
                                        "name": "3.26 SECTION R9 - CCTV SYSTEM",
                                        "price": "1931631.87"
                              },
                              {
                                        "name": "3.27 SECTION R10 - FIRE ALARM SYSTEM",
                                        "price": "790406.36"
                              },
                              {
                                        "name": "3.28 SECTION R11 - ACCESS CONTROL SYSTEM",
                                        "price": "687478.7"
                              },
                              {
                                        "name": "3.29 BILL NO. 03 - EXTERNAL WORKS AND SERVICES",
                                        "price": "13357818.29"
                              },
                              {
                                        "name": "3.30 BILL NO. 04 - FIXED FF & E",
                                        "price": "16700595.46"
                              },
                              {
                                        "name": "3.31 BILL NO. 05 - PROVISIONAL SUMS",
                                        "price": "28450000"
                              },
                              {
                                        "name": "3.32 MUSANADA IT REQUIREMENTS",
                                        "price": "627503.2"
                              }
                    ]
          },
          {
                    "Name": "CHICAGO MAINTENANCE & CONSTRUCTION CO L L C  BRANCH OF ABU DHABI ",
                    "Data": [
                              {
                                        "name": "3 Commercial Envelope",
                                        "price": "202734000"
                              },
                              {
                                        "name": "3.1 Notes",
                                        "price": "0"
                              },
                              {
                                        "name": "3.2 Bill No. 01: PRELIMINARIES / GENERAL REQUIREMENTS",
                                        "price": "28600454.79"
                              },
                              {
                                        "name": "3.3 SECTION B - SITE WORK",
                                        "price": "2721367.68"
                              },
                              {
                                        "name": "3.4 SECTION C - CONCRETE WORK",
                                        "price": "28910971.42"
                              },
                              {
                                        "name": "3.5 SECTION D - MASONRY WORK",
                                        "price": "3753215.08"
                              },
                              {
                                        "name": "3.6 SECTION E - METAL WORK",
                                        "price": "3625187.5"
                              },
                              {
                                        "name": "3.7 SECTION F - WOOD WORK",
                                        "price": "124245"
                              },
                              {
                                        "name": "3.8 SECTION G - THERMAL AND MOISTURE PROTECTION",
                                        "price": "3678818.04"
                              },
                              {
                                        "name": "3.9 SECTION H - DOORS AND WINDOWS",
                                        "price": "9091713.59"
                              },
                              {
                                        "name": "3.10 SECTION J - FINISHES",
                                        "price": "15856196.26"
                              },
                              {
                                        "name": "3.11 SECTION K - ACCESSORIES",
                                        "price": "2601460.4"
                              },
                              {
                                        "name": "3.12 SECTION L- EQUIPMENT",
                                        "price": "1850200"
                              },
                              {
                                        "name": "3.13 SECTION Q1 - FIRE FIGHTING SYSTEM",
                                        "price": "4531935"
                              },
                              {
                                        "name": "3.14 SECTION Q2 - DRAINAGE SYSTEM",
                                        "price": "1227640"
                              },
                              {
                                        "name": "3.15 SECTION Q3 - POTABLE WATER SUPPLY SYSTEM",
                                        "price": "2227886"
                              },
                              {
                                        "name": "3.16 SECTION Q4 - AIR CONDITIONING AND VENTILATION SYSTEM",
                                        "price": "23084693"
                              },
                              {
                                        "name": "3.17 SECTION Q5 - BUILDING MANAGEMENT SYSTEM",
                                        "price": "1154001"
                              },
                              {
                                        "name": "3.18 SECTION R1 - ELECTRICAL INSTALLATION",
                                        "price": "6751029"
                              },
                              {
                                        "name": "3.19 SECTION R2 - LIGHTING SYSTEM",
                                        "price": "3138363"
                              },
                              {
                                        "name": "3.20 SECTION R3 - POWER SYSTEM",
                                        "price": "643000"
                              },
                              {
                                        "name": "3.21 SECTION R4 - LIGHTING CONTROL SYSTEM",
                                        "price": "582752"
                              },
                              {
                                        "name": "3.22 SECTION R5 - CENTRAL BATTERY SYSTEM",
                                        "price": "377542"
                              },
                              {
                                        "name": "3.23 SECTION R6 - EARTHING SYSTEM",
                                        "price": "375827"
                              },
                              {
                                        "name": "3.24 SECTION R7 - TELECOMMUNICATION INSTALLATION",
                                        "price": "656450"
                              },
                              {
                                        "name": "3.25 SECTION R8 - SOUND SYSTEM",
                                        "price": "1340832"
                              },
                              {
                                        "name": "3.26 SECTION R9 - CCTV SYSTEM",
                                        "price": "395475"
                              },
                              {
                                        "name": "3.27 SECTION R10 - FIRE ALARM SYSTEM",
                                        "price": "755128"
                              },
                              {
                                        "name": "3.28 SECTION R11 - ACCESS CONTROL SYSTEM",
                                        "price": "488566"
                              },
                              {
                                        "name": "3.29 BILL NO. 03 - EXTERNAL WORKS AND SERVICES",
                                        "price": "12580226.6"
                              },
                              {
                                        "name": "3.30 BILL NO. 04 - FIXED FF & E",
                                        "price": "12355006"
                              },
                              {
                                        "name": "3.31 BILL NO. 05 - PROVISIONAL SUMS",
                                        "price": "28620000"
                              },
                              {
                                        "name": "3.32 MUSANADA IT REQUIREMENTS",
                                        "price": "633818.64"
                              }
                    ]
          },
          {
                    "Name": "Orient House for Development & Construction Co. LLC",
                    "Data": [
                              {
                                        "name": "3 Commercial Envelope",
                                        "price": "205149821.4"
                              },
                              {
                                        "name": "3.1 Notes",
                                        "price": "0"
                              },
                              {
                                        "name": "3.2 Bill No. 01: PRELIMINARIES / GENERAL REQUIREMENTS",
                                        "price": "15459240"
                              },
                              {
                                        "name": "3.3 SECTION B - SITE WORK",
                                        "price": "1756600"
                              },
                              {
                                        "name": "3.4 SECTION C - CONCRETE WORK",
                                        "price": "38241890"
                              },
                              {
                                        "name": "3.5 SECTION D - MASONRY WORK",
                                        "price": "7733420"
                              },
                              {
                                        "name": "3.6 SECTION E - METAL WORK",
                                        "price": "3616600"
                              },
                              {
                                        "name": "3.7 SECTION F - WOOD WORK",
                                        "price": "270000"
                              },
                              {
                                        "name": "3.8 SECTION G - THERMAL AND MOISTURE PROTECTION",
                                        "price": "4930934"
                              },
                              {
                                        "name": "3.9 SECTION H - DOORS AND WINDOWS",
                                        "price": "5107007"
                              },
                              {
                                        "name": "3.10 SECTION J - FINISHES",
                                        "price": "21855315"
                              },
                              {
                                        "name": "3.11 SECTION K - ACCESSORIES",
                                        "price": "1856955"
                              },
                              {
                                        "name": "3.12 SECTION L- EQUIPMENT",
                                        "price": "950000"
                              },
                              {
                                        "name": "3.13 SECTION Q1 - FIRE FIGHTING SYSTEM",
                                        "price": "2992705"
                              },
                              {
                                        "name": "3.14 SECTION Q2 - DRAINAGE SYSTEM",
                                        "price": "788475"
                              },
                              {
                                        "name": "3.15 SECTION Q3 - POTABLE WATER SUPPLY SYSTEM",
                                        "price": "2178190"
                              },
                              {
                                        "name": "3.16 SECTION Q4 - AIR CONDITIONING AND VENTILATION SYSTEM",
                                        "price": "8177750"
                              },
                              {
                                        "name": "3.17 SECTION Q5 - BUILDING MANAGEMENT SYSTEM",
                                        "price": "727500"
                              },
                              {
                                        "name": "3.18 SECTION R1 - ELECTRICAL INSTALLATION",
                                        "price": "3735635"
                              },
                              {
                                        "name": "3.19 SECTION R2 - LIGHTING SYSTEM",
                                        "price": "2648043"
                              },
                              {
                                        "name": "3.20 SECTION R3 - POWER SYSTEM",
                                        "price": "1129125"
                              },
                              {
                                        "name": "3.21 SECTION R4 - LIGHTING CONTROL SYSTEM",
                                        "price": "157000"
                              },
                              {
                                        "name": "3.22 SECTION R5 - CENTRAL BATTERY SYSTEM",
                                        "price": "466750"
                              },
                              {
                                        "name": "3.23 SECTION R6 - EARTHING SYSTEM",
                                        "price": "218700"
                              },
                              {
                                        "name": "3.24 SECTION R7 - TELECOMMUNICATION INSTALLATION",
                                        "price": "536300"
                              },
                              {
                                        "name": "3.25 SECTION R8 - SOUND SYSTEM",
                                        "price": "1630150"
                              },
                              {
                                        "name": "3.26 SECTION R9 - CCTV SYSTEM",
                                        "price": "778500"
                              },
                              {
                                        "name": "3.27 SECTION R10 - FIRE ALARM SYSTEM",
                                        "price": "574300"
                              },
                              {
                                        "name": "3.28 SECTION R11 - ACCESS CONTROL SYSTEM",
                                        "price": "325550"
                              },
                              {
                                        "name": "3.29 BILL NO. 03 - EXTERNAL WORKS AND SERVICES",
                                        "price": "26823022"
                              },
                              {
                                        "name": "3.30 BILL NO. 04 - FIXED FF & E",
                                        "price": "17250883"
                              },
                              {
                                        "name": "3.31 BILL NO. 05 - PROVISIONAL SUMS",
                                        "price": "31338000"
                              },
                              {
                                        "name": "3.32 MUSANADA IT REQUIREMENTS",
                                        "price": "895282.4"
                              }
                    ]
          },
          {
                    "Name": "Pauling Middle East Company L.L.C",
                    "Data": [
                              {
                                        "name": "3 Commercial Envelope",
                                        "price": "217729796.7"
                              },
                              {
                                        "name": "3.1 Notes",
                                        "price": "0"
                              },
                              {
                                        "name": "3.2 Bill No. 01: PRELIMINARIES / GENERAL REQUIREMENTS",
                                        "price": "25709478.14"
                              },
                              {
                                        "name": "3.3 SECTION B - SITE WORK",
                                        "price": "3395003.17"
                              },
                              {
                                        "name": "3.4 SECTION C - CONCRETE WORK",
                                        "price": "33870717.32"
                              },
                              {
                                        "name": "3.5 SECTION D - MASONRY WORK",
                                        "price": "5428630.34"
                              },
                              {
                                        "name": "3.6 SECTION E - METAL WORK",
                                        "price": "3727363.89"
                              },
                              {
                                        "name": "3.7 SECTION F - WOOD WORK",
                                        "price": "525225.14"
                              },
                              {
                                        "name": "3.8 SECTION G - THERMAL AND MOISTURE PROTECTION",
                                        "price": "4007445.91"
                              },
                              {
                                        "name": "3.9 SECTION H - DOORS AND WINDOWS",
                                        "price": "9371604"
                              },
                              {
                                        "name": "3.10 SECTION J - FINISHES",
                                        "price": "18886796.95"
                              },
                              {
                                        "name": "3.11 SECTION K - ACCESSORIES",
                                        "price": "2362841.23"
                              },
                              {
                                        "name": "3.12 SECTION L- EQUIPMENT",
                                        "price": "831930.75"
                              },
                              {
                                        "name": "3.13 SECTION Q1 - FIRE FIGHTING SYSTEM",
                                        "price": "3327722.98"
                              },
                              {
                                        "name": "3.14 SECTION Q2 - DRAINAGE SYSTEM",
                                        "price": "4159653.73"
                              },
                              {
                                        "name": "3.15 SECTION Q3 - POTABLE WATER SUPPLY SYSTEM",
                                        "price": "783239.5"
                              },
                              {
                                        "name": "3.16 SECTION Q4 - AIR CONDITIONING AND VENTILATION SYSTEM",
                                        "price": "17248697.47"
                              },
                              {
                                        "name": "3.17 SECTION Q5 - BUILDING MANAGEMENT SYSTEM",
                                        "price": "1053778.95"
                              },
                              {
                                        "name": "3.18 SECTION R1 - ELECTRICAL INSTALLATION",
                                        "price": "19411725.71"
                              },
                              {
                                        "name": "3.19 SECTION R2 - LIGHTING SYSTEM",
                                        "price": "1192432.15"
                              },
                              {
                                        "name": "3.20 SECTION R3 - POWER SYSTEM",
                                        "price": "0"
                              },
                              {
                                        "name": "3.21 SECTION R4 - LIGHTING CONTROL SYSTEM",
                                        "price": "0"
                              },
                              {
                                        "name": "3.22 SECTION R5 - CENTRAL BATTERY SYSTEM",
                                        "price": "0"
                              },
                              {
                                        "name": "3.23 SECTION R6 - EARTHING SYSTEM",
                                        "price": "0"
                              },
                              {
                                        "name": "3.24 SECTION R7 - TELECOMMUNICATION INSTALLATION",
                                        "price": "0"
                              },
                              {
                                        "name": "3.25 SECTION R8 - SOUND SYSTEM",
                                        "price": "0"
                              },
                              {
                                        "name": "3.26 SECTION R9 - CCTV SYSTEM",
                                        "price": "0"
                              },
                              {
                                        "name": "3.27 SECTION R10 - FIRE ALARM SYSTEM",
                                        "price": "0"
                              },
                              {
                                        "name": "3.28 SECTION R11 - ACCESS CONTROL SYSTEM",
                                        "price": "0"
                              },
                              {
                                        "name": "3.29 BILL NO. 03 - EXTERNAL WORKS AND SERVICES",
                                        "price": "16697195.1"
                              },
                              {
                                        "name": "3.30 BILL NO. 04 - FIXED FF & E",
                                        "price": "14433594.52"
                              },
                              {
                                        "name": "3.31 BILL NO. 05 - PROVISIONAL SUMS",
                                        "price": "30526130.46"
                              },
                              {
                                        "name": "3.32 MUSANADA IT REQUIREMENTS",
                                        "price": "778589.28"
                              }
                    ]
          },
          {
                    "Name": "Nael General Contracting Est ",
                    "Data": [
                              {
                                        "name": "3 Commercial Envelope",
                                        "price": "237000000"
                              },
                              {
                                        "name": "3.1 Notes",
                                        "price": "0"
                              },
                              {
                                        "name": "3.2 Bill No. 01: PRELIMINARIES / GENERAL REQUIREMENTS",
                                        "price": "33339860.4"
                              },
                              {
                                        "name": "3.3 SECTION B - SITE WORK",
                                        "price": "1122000"
                              },
                              {
                                        "name": "3.4 SECTION C - CONCRETE WORK",
                                        "price": "31732840"
                              },
                              {
                                        "name": "3.5 SECTION D - MASONRY WORK",
                                        "price": "4029633"
                              },
                              {
                                        "name": "3.6 SECTION E - METAL WORK",
                                        "price": "3466200"
                              },
                              {
                                        "name": "3.7 SECTION F - WOOD WORK",
                                        "price": "173160"
                              },
                              {
                                        "name": "3.8 SECTION G - THERMAL AND MOISTURE PROTECTION",
                                        "price": "2563306"
                              },
                              {
                                        "name": "3.9 SECTION H - DOORS AND WINDOWS",
                                        "price": "5642250"
                              },
                              {
                                        "name": "3.10 SECTION J - FINISHES",
                                        "price": "15424495"
                              },
                              {
                                        "name": "3.11 SECTION K - ACCESSORIES",
                                        "price": "2764600"
                              },
                              {
                                        "name": "3.12 SECTION L- EQUIPMENT",
                                        "price": "948000"
                              },
                              {
                                        "name": "3.13 SECTION Q1 - FIRE FIGHTING SYSTEM",
                                        "price": "6518060"
                              },
                              {
                                        "name": "3.14 SECTION Q2 - DRAINAGE SYSTEM",
                                        "price": "1650005"
                              },
                              {
                                        "name": "3.15 SECTION Q3 - POTABLE WATER SUPPLY SYSTEM",
                                        "price": "4377375"
                              },
                              {
                                        "name": "3.16 SECTION Q4 - AIR CONDITIONING AND VENTILATION SYSTEM",
                                        "price": "23913248"
                              },
                              {
                                        "name": "3.17 SECTION Q5 - BUILDING MANAGEMENT SYSTEM",
                                        "price": "1830000"
                              },
                              {
                                        "name": "3.18 SECTION R1 - ELECTRICAL INSTALLATION",
                                        "price": "5563088"
                              },
                              {
                                        "name": "3.19 SECTION R2 - LIGHTING SYSTEM",
                                        "price": "4839678"
                              },
                              {
                                        "name": "3.20 SECTION R3 - POWER SYSTEM",
                                        "price": "1049525"
                              },
                              {
                                        "name": "3.21 SECTION R4 - LIGHTING CONTROL SYSTEM",
                                        "price": "580500"
                              },
                              {
                                        "name": "3.22 SECTION R5 - CENTRAL BATTERY SYSTEM",
                                        "price": "1619750"
                              },
                              {
                                        "name": "3.23 SECTION R6 - EARTHING SYSTEM",
                                        "price": "791700"
                              },
                              {
                                        "name": "3.24 SECTION R7 - TELECOMMUNICATION INSTALLATION",
                                        "price": "912220"
                              },
                              {
                                        "name": "3.25 SECTION R8 - SOUND SYSTEM",
                                        "price": "1988100"
                              },
                              {
                                        "name": "3.26 SECTION R9 - CCTV SYSTEM",
                                        "price": "1809900"
                              },
                              {
                                        "name": "3.27 SECTION R10 - FIRE ALARM SYSTEM",
                                        "price": "663310"
                              },
                              {
                                        "name": "3.28 SECTION R11 - ACCESS CONTROL SYSTEM",
                                        "price": "865050"
                              },
                              {
                                        "name": "3.29 BILL NO. 03 - EXTERNAL WORKS AND SERVICES",
                                        "price": "27143405"
                              },
                              {
                                        "name": "3.30 BILL NO. 04 - FIXED FF & E",
                                        "price": "17531810"
                              },
                              {
                                        "name": "3.31 BILL NO. 05 - PROVISIONAL SUMS",
                                        "price": "31075000"
                              },
                              {
                                        "name": "3.32 MUSANADA IT REQUIREMENTS",
                                        "price": "1071931.6"
                              }
                    ]
          },
          {
                    "Name": "Chief Contracting Co. LLC",
                    "Data": []
          }
]